{
  "themeModelDataItems": [
    {
      "MissionExhibitName": "03",
      "IsMissionExhibitComplete": true,
      "MissionExhibitInitTime": "2023-11-03T14:13:43.189157+08:00",
      "MissionExhibitEndTime": "2023-11-03T14:15:00.116055+08:00"
    },
    {
      "MissionExhibitName": "07",
      "IsMissionExhibitComplete": true,
      "MissionExhibitInitTime": "2023-11-03T14:10:47.931271+08:00",
      "MissionExhibitEndTime": "2023-11-03T14:13:37.970314+08:00"
    },
    {
      "MissionExhibitName": "16",
      "IsMissionExhibitComplete": true,
      "MissionExhibitInitTime": "0001-01-01T00:00:00",
      "MissionExhibitEndTime": "2023-11-03T14:04:23.824085+08:00"
    },
    {
      "MissionExhibitName": "59",
      "IsMissionExhibitComplete": true,
      "MissionExhibitInitTime": "2023-11-03T14:09:14.344891+08:00",
      "MissionExhibitEndTime": "2023-11-03T14:10:41.741977+08:00"
    },
    {
      "MissionExhibitName": "44",
      "IsMissionExhibitComplete": true,
      "MissionExhibitInitTime": "2023-11-03T14:06:57.554229+08:00",
      "MissionExhibitEndTime": "2023-11-03T14:07:09.005395+08:00"
    }
  ]
}